{
  "minecraft:recipes/decorations/crafting_table": {
    "criteria": {
      "unlock_right_away": "2023-09-08 10:39:30 -0400"
    },
    "done": true
  },
  "minecraft:adventure/adventuring_time": {
    "criteria": {
      "minecraft:plains": "2023-09-08 10:39:31 -0400"
    },
    "done": false
  },
  "minecraft:recipes/building_blocks/oak_slab": {
    "criteria": {
      "has_planks": "2023-09-08 10:39:52 -0400"
    },
    "done": true
  },
  "minecraft:recipes/decorations/oak_sign": {
    "criteria": {
      "has_planks": "2023-09-08 10:39:52 -0400"
    },
    "done": true
  },
  "minecraft:recipes/redstone/oak_trapdoor": {
    "criteria": {
      "has_planks": "2023-09-08 10:39:52 -0400"
    },
    "done": true
  },
  "minecraft:recipes/redstone/oak_fence_gate": {
    "criteria": {
      "has_planks": "2023-09-08 10:39:52 -0400"
    },
    "done": true
  },
  "minecraft:recipes/redstone/oak_pressure_plate": {
    "criteria": {
      "has_planks": "2023-09-08 10:39:52 -0400"
    },
    "done": true
  },
  "minecraft:recipes/redstone/oak_door": {
    "criteria": {
      "has_planks": "2023-09-08 10:39:52 -0400"
    },
    "done": true
  },
  "minecraft:recipes/misc/stick": {
    "criteria": {
      "has_planks": "2023-09-08 10:39:52 -0400"
    },
    "done": true
  },
  "minecraft:recipes/building_blocks/oak_stairs": {
    "criteria": {
      "has_planks": "2023-09-08 10:39:52 -0400"
    },
    "done": true
  },
  "minecraft:recipes/decorations/oak_fence": {
    "criteria": {
      "has_planks": "2023-09-08 10:39:52 -0400"
    },
    "done": true
  },
  "minecraft:recipes/decorations/barrel": {
    "criteria": {
      "has_planks": "2023-09-08 10:39:52 -0400"
    },
    "done": true
  },
  "minecraft:recipes/redstone/oak_button": {
    "criteria": {
      "has_planks": "2023-09-08 10:39:52 -0400"
    },
    "done": true
  },
  "computercraft:recipes/redstone/monitor_normal": {
    "criteria": {
      "has_computer": "2023-09-08 10:40:27 -0400"
    },
    "done": true
  },
  "computercraft:recipes/redstone/printer": {
    "criteria": {
      "has_computer": "2023-09-08 10:40:27 -0400"
    },
    "done": true
  },
  "computercraft:recipes/redstone/cable": {
    "criteria": {
      "has_computer": "2023-09-08 10:40:27 -0400"
    },
    "done": true
  },
  "computercraft:recipes/redstone/wireless_modem_advanced": {
    "criteria": {
      "has_computer": "2023-09-08 10:40:27 -0400"
    },
    "done": true
  },
  "computercraft:recipes/redstone/pocket_computer_normal": {
    "criteria": {
      "has_computer": "2023-09-08 10:40:27 -0400"
    },
    "done": true
  },
  "computercraft:recipes/redstone/monitor_advanced": {
    "criteria": {
      "has_computer": "2023-09-08 10:40:27 -0400"
    },
    "done": true
  },
  "computercraft:recipes/redstone/pocket_computer_advanced": {
    "criteria": {
      "has_computer": "2023-09-08 10:40:27 -0400"
    },
    "done": true
  },
  "computercraft:recipes/redstone/disk_drive": {
    "criteria": {
      "has_computer": "2023-09-08 10:40:27 -0400"
    },
    "done": true
  },
  "computercraft:recipes/redstone/speaker": {
    "criteria": {
      "has_computer": "2023-09-08 10:40:27 -0400"
    },
    "done": true
  },
  "computercraft:recipes/redstone/wired_modem": {
    "criteria": {
      "has_computer": "2023-09-08 10:40:27 -0400"
    },
    "done": true
  },
  "computercraft:recipes/redstone/wireless_modem_normal": {
    "criteria": {
      "has_computer": "2023-09-08 10:40:27 -0400"
    },
    "done": true
  },
  "computercraft:recipes/decorations/skull_dan200": {
    "criteria": {
      "has_computer": "2023-09-08 10:40:27 -0400"
    },
    "done": true
  },
  "computercraft:recipes/redstone/turtle_advanced_overlays/turtle_trans_overlay": {
    "criteria": {
      "has_turtle": "2023-09-08 10:58:46 -0400"
    },
    "done": true
  },
  "computercraft:recipes/redstone/turtle_advanced_overlays/turtle_rainbow_overlay": {
    "criteria": {
      "has_turtle": "2023-09-08 10:58:46 -0400"
    },
    "done": true
  },
  "computercraft:recipes/redstone/computer_normal": {
    "criteria": {
      "has_redstone": "2023-09-08 11:00:04 -0400"
    },
    "done": true
  },
  "minecraft:recipes/redstone/redstone_torch": {
    "criteria": {
      "has_redstone": "2023-09-08 11:00:04 -0400"
    },
    "done": true
  },
  "minecraft:recipes/tools/clock": {
    "criteria": {
      "has_redstone": "2023-09-08 11:00:04 -0400"
    },
    "done": true
  },
  "minecraft:recipes/redstone/dropper": {
    "criteria": {
      "has_redstone": "2023-09-08 11:00:04 -0400"
    },
    "done": true
  },
  "minecraft:recipes/redstone/redstone_block": {
    "criteria": {
      "has_redstone": "2023-09-08 11:00:04 -0400"
    },
    "done": true
  },
  "minecraft:recipes/redstone/note_block": {
    "criteria": {
      "has_redstone": "2023-09-08 11:00:04 -0400"
    },
    "done": true
  },
  "minecraft:recipes/redstone/target": {
    "criteria": {
      "has_redstone": "2023-09-08 11:00:04 -0400"
    },
    "done": true
  },
  "minecraft:recipes/tools/compass": {
    "criteria": {
      "has_redstone": "2023-09-08 11:00:04 -0400"
    },
    "done": true
  },
  "minecraft:recipes/redstone/piston": {
    "criteria": {
      "has_redstone": "2023-09-08 11:00:04 -0400"
    },
    "done": true
  },
  "minecraft:recipes/redstone/repeater": {
    "criteria": {
      "has_redstone_torch": "2023-09-08 11:00:19 -0400"
    },
    "done": true
  },
  "minecraft:adventure/root": {
    "criteria": {
      "killed_by_something": "2023-09-08 11:06:07 -0400"
    },
    "done": true
  },
  "computercraft:recipes/redstone/wired_modem_full_from": {
    "criteria": {
      "has_modem": "2023-09-08 11:07:38 -0400"
    },
    "done": true
  },
  "computercraft:recipes/redstone/wired_modem_full_to": {
    "criteria": {
      "has_modem": "2023-09-08 11:07:38 -0400"
    },
    "done": true
  },
  "computercraft:recipes/redstone/turtle_advanced/computercraft/wireless_modem_normal": {
    "criteria": {
      "has_items": "2023-09-08 11:32:38 -0400"
    },
    "done": true
  },
  "computercraft:recipes/redstone/pocket_advanced/computercraft/wireless_modem_normal": {
    "criteria": {
      "has_items": "2023-09-08 11:35:33 -0400"
    },
    "done": true
  },
  "minecraft:recipes/decorations/chest": {
    "criteria": {
      "has_lots_of_items": "2023-09-08 11:42:18 -0400"
    },
    "done": true
  },
  "minecraft:recipes/decorations/ladder": {
    "criteria": {
      "has_stick": "2023-09-08 11:45:01 -0400"
    },
    "done": true
  },
  "computercraft:recipes/redstone/turtle_advanced/minecraft/diamond_shovel": {
    "criteria": {
      "has_items": "2023-09-08 12:11:43 -0400"
    },
    "done": true
  },
  "computercraft:recipes/redstone/printed_pages": {
    "criteria": {
      "has_printer": "2023-09-08 12:05:21 -0400"
    },
    "done": true
  },
  "minecraft:recipes/decorations/black_bed": {
    "criteria": {
      "has_black_wool": "2023-09-08 11:45:19 -0400"
    },
    "done": true
  },
  "minecraft:recipes/decorations/campfire": {
    "criteria": {
      "has_coal": "2023-09-08 11:44:55 -0400"
    },
    "done": true
  },
  "computercraft:recipes/redstone/pocket_normal/computercraft/wireless_modem_normal": {
    "criteria": {
      "has_items": "2023-09-08 12:04:47 -0400"
    },
    "done": true
  },
  "minecraft:recipes/tools/wooden_hoe": {
    "criteria": {
      "has_stick": "2023-09-08 11:45:01 -0400"
    },
    "done": true
  },
  "computercraft:recipes/redstone/disk_8": {
    "criteria": {
      "has_drive": "2023-09-08 12:05:14 -0400"
    },
    "done": true
  },
  "computercraft:recipes/redstone/disk_9": {
    "criteria": {
      "has_drive": "2023-09-08 12:05:14 -0400"
    },
    "done": true
  },
  "computercraft:recipes/redstone/disk_6": {
    "criteria": {
      "has_drive": "2023-09-08 12:05:14 -0400"
    },
    "done": true
  },
  "computercraft:recipes/redstone/disk_7": {
    "criteria": {
      "has_drive": "2023-09-08 12:05:14 -0400"
    },
    "done": true
  },
  "computercraft:recipes/redstone/disk_1": {
    "criteria": {
      "has_drive": "2023-09-08 12:05:14 -0400"
    },
    "done": true
  },
  "minecraft:recipes/tools/wooden_pickaxe": {
    "criteria": {
      "has_stick": "2023-09-08 11:45:01 -0400"
    },
    "done": true
  },
  "computercraft:recipes/redstone/disk_4": {
    "criteria": {
      "has_drive": "2023-09-08 12:05:14 -0400"
    },
    "done": true
  },
  "computercraft:recipes/redstone/disk_5": {
    "criteria": {
      "has_drive": "2023-09-08 12:05:14 -0400"
    },
    "done": true
  },
  "computercraft:recipes/redstone/disk_2": {
    "criteria": {
      "has_drive": "2023-09-08 12:05:14 -0400"
    },
    "done": true
  },
  "computercraft:recipes/redstone/disk_3": {
    "criteria": {
      "has_drive": "2023-09-08 12:05:14 -0400"
    },
    "done": true
  },
  "computercraft:recipes/redstone/pocket_advanced/computercraft/speaker": {
    "criteria": {
      "has_items": "2023-09-08 12:18:29 -0400"
    },
    "done": true
  },
  "minecraft:recipes/decorations/snow": {
    "criteria": {
      "has_snowball": "2023-09-08 12:11:50 -0400"
    },
    "done": true
  },
  "minecraft:recipes/tools/wooden_axe": {
    "criteria": {
      "has_stick": "2023-09-08 11:45:01 -0400"
    },
    "done": true
  },
  "computercraft:recipes/redstone/printed_book": {
    "criteria": {
      "has_printer": "2023-09-08 12:05:21 -0400"
    },
    "done": true
  },
  "minecraft:recipes/decorations/painting": {
    "criteria": {
      "has_wool": "2023-09-08 11:45:17 -0400"
    },
    "done": true
  },
  "minecraft:recipes/decorations/black_carpet": {
    "criteria": {
      "has_black_wool": "2023-09-08 11:45:19 -0400"
    },
    "done": true
  },
  "minecraft:recipes/tools/wooden_shovel": {
    "criteria": {
      "has_stick": "2023-09-08 11:45:01 -0400"
    },
    "done": true
  },
  "minecraft:recipes/decorations/yellow_banner": {
    "criteria": {
      "has_yellow_wool": "2023-09-08 11:45:17 -0400"
    },
    "done": true
  },
  "minecraft:recipes/decorations/yellow_bed": {
    "criteria": {
      "has_yellow_wool": "2023-09-08 11:45:17 -0400"
    },
    "done": true
  },
  "computercraft:recipes/redstone/turtle_advanced": {
    "criteria": {
      "has_computer": "2023-09-08 12:04:18 -0400"
    },
    "done": true
  },
  "computercraft:recipes/redstone/disk_12": {
    "criteria": {
      "has_drive": "2023-09-08 12:05:14 -0400"
    },
    "done": true
  },
  "computercraft:recipes/redstone/disk_11": {
    "criteria": {
      "has_drive": "2023-09-08 12:05:14 -0400"
    },
    "done": true
  },
  "computercraft:recipes/redstone/disk_14": {
    "criteria": {
      "has_drive": "2023-09-08 12:05:14 -0400"
    },
    "done": true
  },
  "computercraft:recipes/redstone/disk_13": {
    "criteria": {
      "has_drive": "2023-09-08 12:05:14 -0400"
    },
    "done": true
  },
  "computercraft:recipes/redstone/disk_10": {
    "criteria": {
      "has_drive": "2023-09-08 12:05:14 -0400"
    },
    "done": true
  },
  "computercraft:recipes/redstone/disk_16": {
    "criteria": {
      "has_drive": "2023-09-08 12:05:14 -0400"
    },
    "done": true
  },
  "computercraft:recipes/redstone/disk_15": {
    "criteria": {
      "has_drive": "2023-09-08 12:05:14 -0400"
    },
    "done": true
  },
  "minecraft:recipes/combat/wooden_sword": {
    "criteria": {
      "has_stick": "2023-09-08 11:45:01 -0400"
    },
    "done": true
  },
  "minecraft:recipes/decorations/black_banner": {
    "criteria": {
      "has_black_wool": "2023-09-08 11:45:19 -0400"
    },
    "done": true
  },
  "minecraft:recipes/decorations/yellow_carpet": {
    "criteria": {
      "has_yellow_wool": "2023-09-08 11:45:17 -0400"
    },
    "done": true
  },
  "computercraft:recipes/redstone/turtle_normal": {
    "criteria": {
      "has_computer": "2023-09-08 12:04:18 -0400"
    },
    "done": true
  },
  "minecraft:recipes/building_blocks/coal_block": {
    "criteria": {
      "has_coal": "2023-09-08 11:44:55 -0400"
    },
    "done": true
  },
  "computercraft:recipes/redstone/turtle_advanced/computercraft/speaker": {
    "criteria": {
      "has_items": "2023-09-08 12:05:13 -0400"
    },
    "done": true
  },
  "minecraft:recipes/building_blocks/snow_block": {
    "criteria": {
      "has_snowball": "2023-09-08 12:11:50 -0400"
    },
    "done": true
  },
  "DataVersion": 3465
}