{"stats":{"minecraft:killed_by":{"minecraft:player":1},"minecraft:used":{"minecraft:redstone_torch":3,"computercraft:printer":3,"computercraft:computer_advanced":21,"computercraft:wired_modem":3,"computercraft:cable":5,"minecraft:black_wool":30,"computercraft:wired_modem_full":3,"minecraft:diamond_shovel":6,"computercraft:computer_command":2,"computercraft:disk_drive":2,"minecraft:grass_block":6,"minecraft:redstone":7,"minecraft:oak_planks":101,"computercraft:turtle_advanced":8,"computercraft:monitor_advanced":28,"minecraft:white_bed":1,"computercraft:computer_normal":1,"minecraft:chest":3,"minecraft:oak_pressure_plate":3,"minecraft:iron_door":1,"computercraft:wireless_modem_normal":10,"computercraft:speaker":2,"minecraft:yellow_wool":26},"minecraft:mined":{"minecraft:snow_block":6},"minecraft:picked_up":{"computercraft:speaker":1,"computercraft:turtle_advanced":4,"minecraft:torch":256,"computercraft:computer_advanced":4,"computercraft:wireless_modem_normal":2,"minecraft:snowball":20},"minecraft:dropped":{"computercraft:speaker":1},"minecraft:custom":{"minecraft:open_chest":11,"minecraft:time_since_rest":62040,"minecraft:crouch_one_cm":1253,"minecraft:sprint_one_cm":12501,"minecraft:play_time":89622,"minecraft:deaths":1,"minecraft:damage_taken":670,"minecraft:walk_one_cm":92117,"minecraft:sneak_time":638,"minecraft:drop":1,"minecraft:jump":65,"minecraft:leave_game":2,"minecraft:time_since_death":62018,"minecraft:total_world_time":119710,"minecraft:fall_one_cm":1591,"minecraft:fly_one_cm":52157}},"DataVersion":3465}